set	chromosome	linkage.map.length	linkage.map.length.correctedCh	linkage.map.length.correctedHW	phys.map.length	nb.markers	density.markers.cM	density.markers.bp	marker.interval.cM	largest.gap.cM	marker.interval.bp	chrwide.rate	map.coverage	rejected.rate	mean.recrate	median.recrate	sd.recrate
Arabidopsis_thaliana_Serin2017	1	117.87	118.730364963504	118.730364963504	30450000	275	2.33307881564435	9.0311986863711e-06	0.430182481751825	2.88	110948.905109489	3.87093596059113	0.990591649483969	0	3.842074912604	3.6302836167934	1.61559865578469
Arabidopsis_thaliana_Serin2017	2	76.29	77.1875294117647	77.1875294117647	19650000	171	2.24144710971294	8.70229007633588e-06	0.448764705882353	3.23	115294.117647059	3.8824427480916	0.988699340808405	0	3.53002788053902	3.44591380327178	2.2624198815007
Arabidopsis_thaliana_Serin2017	3	82.61	83.4120388349515	83.4120388349515	23450000	207	2.50574990921196	8.8272921108742e-06	0.401019417475728	2.72	113592.233009709	3.5228144989339	0.993339094338228	0	3.58537558896037	3.64732149717957	2.43046969489553
Arabidopsis_thaliana_Serin2017	4	92.12	93.2572839506173	93.2572839506173	18550000	163	1.76943117672601	8.78706199460916e-06	0.568641975308642	4.81	114197.530864198	4.96603773584906	0.970953647224181	0	4.59963928858928	4.09127777646957	2.12160501142511
Arabidopsis_thaliana_Serin2017	5	102.8128307	103.662523515702	103.662523515702	26950000	243	2.36351823352725	9.01669758812616e-06	0.42484640785124	2.34046170000001	111157.024793388	3.81494733580705	0.991147332624876	0	3.76102550417497	3.74487377973298	1.60073136596679
Brachypodium_distachyon_Huo2011	1	449.112	455.060503311258	455.060503311258	74306960	152	0.338445643848305	2.04556881347319e-06	2.97425165562914	34.523	487463.158940397	6.04400987471429	0.4918056306218	0	6.14355963820755	4.91842379523144	3.84150405490702
Brachypodium_distachyon_Huo2011	2	348.25	355.988888888889	355.988888888889	58021621	91	0.261306532663317	1.56838086271323e-06	3.86944444444444	29.728	634998.788888889	6.00207291692178	0.40703094510049	0	6.2860190098637	5.4110550168685	4.82775397936637
Brachypodium_distachyon_Huo2011	3	350.905	356.103592592593	356.103592592593	59565636	136	0.387569285134153	2.28319563313317e-06	2.5992962962963	21.4	435831.785185185	5.8910644385632	0.539360054424629	0.0072992700729927	6.00361556520704	4.93778181858154	4.54232734984211
Brachypodium_distachyon_Huo2011	4	267.023	271.834225225225	271.834225225225	48178278	112	0.41943952393614	2.32469911025047e-06	2.40561261261261	14.938	429731.045045045	5.54239402246797	0.567805278410345	0	5.58974697148235	4.11395324099795	4.92773200098094
Brachypodium_distachyon_Huo2011	5	182.702	188.3236	188.3236	28356501	66	0.361243992950269	2.32750860199571e-06	2.8108	16.941	426449.369230769	6.44303752427001	0.514457271522329	0	6.71725325704981	4.33271245010626	6.46820489545898
Brassica_napus_Yang2017	A01	118.52	121.244597701149	121.229862068966	22206303	88	0.742490718866014	3.96283883904493e-06	1.35493103448276	7.14500000000001	250084.183908046	5.33722340004097	0.773493454887366	0.0112359550561798	5.48081229866589	5.19247055032071	3.55324593262055
Brassica_napus_Yang2017	A02	100.523	103.930559322034	100.866796610169	20766589	60	0.596878326353173	2.88925639160095e-06	0.171898305084746	26.674	18570.6440677966	4.84061200421504	0.696919445601732	0.178082191780822	4.3973800410136	3.15844770291016	4.17664680629582
Brassica_napus_Yang2017	A03	153.188	155.9235	155.9235	28671864	113	0.737655691046296	3.9411459261944e-06	1.36775	14.603	253719.598214286	5.34279878001653	0.77129249946364	0	5.17266811439229	4.25778756368488	2.91846423814942
Brassica_napus_Yang2017	A04	71.034	73.1865454545455	73.1865454545455	19140278	67	0.94321029366219	3.50047162324393e-06	1.07627272727273	4.74799999999999	286009.984848485	3.71123136247028	0.848386473879677	0	3.64465357549624	3.44353653180085	1.81045896351626
Brassica_napus_Yang2017	A05	124.166	128.304866666667	127.1679	20887884	61	0.491277805518419	2.9203532535895e-06	1.50095	14.586	331032.7	5.94440298500317	0.62564682577234	0.0161290322580645	4.38129163826452	4.0779766795257	3.93803068986651
Brassica_napus_Yang2017	A07	55.099	57.4436382978723	57.4436382978723	21797132	48	0.871159186192127	2.20212457308604e-06	1.17231914893617	3.556	345572.638297872	2.52780962192641	0.824886049699022	0.272727272727273	2.53858367421433	2.48105440783385	1.75072041193314
Brassica_napus_Yang2017	A08	71.407	74.1534230769231	74.1534230769231	18861278	53	0.742224151693812	2.80998986388939e-06	1.37321153846154	13.962	175884.884615385	3.78590464548585	0.773372664272982	0	7.58671286484077	7.20724708438905	2.45825755087156
Brassica_napus_Yang2017	A09	125.375	129.355158730159	129.355158730159	33421799	64	0.510468594217348	1.91491786543268e-06	1.99007936507937	15.249	528415.888888889	3.75129417779097	0.639742846924657	0.0857142857142857	3.59570449516846	3.55621229330495	1.75755791097018
Brassica_napus_Yang2017	A10	74.613	77.1858620689655	77.1858620689655	17363998	59	0.790746920777881	3.39783499168797e-06	1.28643103448276	6.546	294384.344827586	4.29699427516635	0.794332366247502	0	4.29389764253551	2.72834179154381	3.87374242264409
Brassica_napus_Yang2017	C01	106.47	115.728260869565	115.728260869565	38108534	24	0.225415610030995	6.29780195690551e-07	4.62913043478261	31.202	1641736.47826087	2.7938623931322	0.362901637473778	0	2.80163610305659	2.35466165954058	2.28360545128862
Brassica_napus_Yang2017	C02	148.428	154.136769230769	153.918846153846	45458273	53	0.35707548440995	1.16590438884469e-06	2.74542307692308	31.912	828164.942307692	3.26514823825357	0.510392372479752	0	2.86409071217295	1.9835320771595	2.6119222862634
Brassica_napus_Yang2017	C03	164.916	169.255894736842	169.255894736842	60449556	77	0.466904363433506	1.27378933932947e-06	2.16994736842105	13.961	795207.315789474	2.72815899590727	0.606946178798315	0.0128205128205128	2.71544672791722	2.23716419675512	2.1532530734195
Brassica_napus_Yang2017	C04	130.124	135.226901960784	135.226901960784	48558309	52	0.399618825120654	1.07087748875275e-06	2.55145098039216	27.269	950354.274509804	2.67974735281659	0.55032835945236	0	2.68537554478466	1.8118581167959	2.30523889078798
Brassica_napus_Yang2017	C05	101.839	108.011060606061	108.011060606061	40995877	34	0.33386030891898	8.29351693098308e-07	3.0860303030303	27.268	1237734.21212121	2.48412785510114	0.487123712486304	0	2.47877419475043	2.07506614372847	1.9094304080996
Brassica_napus_Yang2017	C07	94.337	98.2677083333333	98.2677083333333	44461618	49	0.519414439721424	1.1020741530369e-06	1.96535416666667	7.148	548134.604166667	2.12176264030697	0.646131137516831	0	3.68851986881892	3.47878361508408	1.17868853243483
Brassica_napus_Yang2017	C08	103.93	107.513793103448	107.513793103448	37159495	59	0.567689791205619	1.58775031792009e-06	1.79189655172414	12.483	617475	2.79686255154975	0.678699861696679	0.0166666666666667	2.91542157565172	3.04980750220801	2.02193968850335
Brassica_napus_Yang2017	C09	100.075	108.081	108.081	45222312	26	0.259805146140395	5.74937433539444e-07	4.003	24.663	1738891.88	2.21295629467153	0.405247717631623	0.037037037037037	2.40596934471076	1.68921886018846	1.83568488027742
Capsicum_annuum_Han2016	1	208.5	209.630081300813	209.630081300813	272571316	370	1.77458033573141	1.35744290862946e-06	0.565040650406504	7.19999999999999	735017.116531165	0.764937422835791	0.97125124081529	0	0.762804415590491	0.529121218508787	0.859585964646703
Capsicum_annuum_Han2016	2	107.5	108.60824742268	108.60824742268	171125571	195	1.81395348837209	1.13951409400995e-06	0.554123711340206	28.7	876678.201030928	0.628193667210612	0.973428258479601	0	0.561136657630694	0.382692305820975	0.729456146190116
Capsicum_annuum_Han2016	3	118.5	119.411538461538	119.411538461538	257899434	261	2.20253164556962	1.01202238388782e-06	0.455769230769231	6.6	987497.823076923	0.459481427167459	0.987784666731982	0	0.4594375563184	0.190629621974852	0.600871677358166
Capsicum_annuum_Han2016	4	116.5	117.583720930233	117.583720930233	222450887	216	1.85407725321888	9.71000848380524e-07	0.541860465116279	7.8	1029771.56744186	0.523711105723755	0.975477261907733	0	0.450976577476126	0.305652471262696	0.725124539721138
Capsicum_annuum_Han2016	5	100.6	101.66455026455	101.66455026455	233436718	190	1.88866799204771	8.13925082685578e-07	0.532275132275132	5.8	1229559.35449735	0.43095191220089	0.977116427503901	0	0.432311625239543	0.0669341384755418	0.826129344094039
Capsicum_annuum_Han2016	6	102.6	103.53698630137	103.53698630137	236903191	220	2.14424951267057	9.28649373912401e-07	0.468493150684931	4.6	1076955.21004566	0.433088298924602	0.986274488511251	0	0.430886856849491	0.209896093292832	0.574811785239208
Capsicum_annuum_Han2016	7	92.5	93.5632183908046	93.5632183908046	231908592	175	1.89189189189189	7.54607660245723e-07	0.531609195402299	4.5	1326773.51724138	0.398864048987025	0.977263501534028	0	0.402736750694038	0.0969087502780766	0.693491756476151
Capsicum_annuum_Han2016	9	86.2	87.2775	87.2775	252727849	161	1.8677494199536	6.37048907103229e-07	0.53875	10.9	1568611.55625	0.341078358958375	0.976138734851872	0	0.341627342442955	0.00790800818930216	0.831285383324809
Capsicum_annuum_Han2016	10	103.9	105.258169934641	105.258169934641	233569810	154	1.48219441770934	6.59331786072866e-07	0.679084967320261	16.7	1519083.7254902	0.444834886837473	0.948408009190836	0	0.390147415825357	0.109414714141803	0.891480591102644
Capsicum_annuum_Han2016	11	86.8	87.6902564102564	87.6902564102564	259722551	196	2.25806451612903	7.54651451117158e-07	0.445128205128205	4.6	1316782.31282051	0.334202785494741	0.989068743584018	0	0.337954777972258	0.14196938357923	0.599036718626478
Capsicum_annuum_Han2016	12	94.9	95.754954954955	95.754954954955	235673925	223	2.34984193888303	9.46222625180108e-07	0.427477477477477	4.6	1055963.62612613	0.402675009549741	0.99090184722448	0	0.382256685955655	0.15376838969794	0.580271325727655
Cenchrus_americanus_Pucher2017	1	86.9570226635435	88.8894009449556	88.8894009449556	275255742	91	1.04649397153465	3.30601641000463e-07	0.966189140706039	7.8283423241256	3047266.38888889	0.315913564715186	0.87668188272503	0.021505376344086	0.302243186215094	0.0782551348967604	0.854111785991604
Cenchrus_americanus_Pucher2017	2	82.3157374679443	84.067136137475	84.067136137475	242526954	95	1.15409280074779	3.91709038658029e-07	0.875699334765365	5.5175766177707	2577017.31914894	0.339408614631528	0.900558485489017	0	0.374885193389486	0.0105477787045417	26.5768366765719
Cenchrus_americanus_Pucher2017	3	54.175160819469	56.5306025942285	56.5306025942285	300798759	47	0.867556261745504	1.56250644637799e-07	1.17772088737976	6.55366652588049	6522944.2826087	0.180104336199967	0.823619647763304	0	0.162010337487565	0.0291529918433627	0.791423378885461
Cenchrus_americanus_Pucher2017	4	61.7242445514892	64.0534613270171	64.0534613156963	190612428	54	0.874858823990211	2.8329737240428e-07	1.16460838210357	9.34826931401569	3562880.0754717	0.323820672131039	0.826176984198159	0	0.315787848597629	0.171100433299401	0.554759149096089
Cenchrus_americanus_Pucher2017	5	90.3860420806422	92.5380907016099	92.538090694467	157138689	85	0.940410687793622	5.40923438657427e-07	1.07602430691241	18.3169749946982	1867753.95238095	0.575199161045834	0.847535176571873	0.0659340659340659	0.594877453625587	0.229200164095886	0.936197492455246
Cenchrus_americanus_Pucher2017	6	39.6986072919535	41.7880076757405	41.7880076757405	239171967	39	0.982402221649345	1.63062588350917e-07	1.04470019189351	4.3761369255024	5815844.94736842	0.165983529716731	0.859816702281204	0	0.182732101376223	0.11429945367611	0.91166374370107
Cenchrus_americanus_Pucher2017	7	46.8961555994745	50.0225659727728	50.0225659727728	125865218	31	0.661034995379182	2.46295207624397e-07	1.56320518664915	17.0826445938879	4156616.83333333	0.372590270327697	0.733417093716228	0.24390243902439	0.340717783061298	0.080024377653204	0.634997971222525
Citrullus_lanatus_Branham2017	10	196.9750677	198.428758236531	197.567731238819	32066111	272	1.38088542461763	8.48247547075478e-06	0.296331769409594	163.70875873	33734.0959409594	6.14278007395409	0.936820212639959	0	5.95869218366038	5.503447367609	4.67323769425551
Citrullus_lanatus_Branham2017	1	231.2569126	232.932687328986	231.262168726812	35042589	277	1.197802032751	7.90466708952355e-06	0.00262806340579708	186.31458652	2478.50724637681	6.59931013088103	0.90888237871658	0	6.66561545815459	5.25785736980651	6.45873678978128
Citrullus_lanatus_Branham2017	11	183.3476108	185.171965136318	183.347610800995	29244484	202	1.1017323821053	6.90728549014577e-06	4.9751225229102e-10	167.25413771	186.965174129353	6.26947669174125	0.889580084149324	0	6.29305817549491	4.30087059264856	6.79202718196273
Citrullus_lanatus_Branham2017	2	201.5846562	203.050726426909	201.586694356364	34514403	276	1.36915182535604	7.99666156763598e-06	0.00101907818181829	201.46441036	473.454545454545	5.84059519152048	0.93532002628846	0	5.89514075100611	4.43222291162731	6.43404211542993
Citrullus_lanatus_Branham2017	3	123.2635759	124.431951027014	123.271220020379	29186806	212	1.71989169105389	7.26355600540875e-06	0.00382206018957347	106.23710922	672.744075829384	4.22326361781416	0.967928368135244	0	4.24387455200128	3.21258790436993	3.08326193353002
Citrullus_lanatus_Branham2017	4	95.41855726	96.5751458328485	95.5616478893333	24885492	166	1.73970352064407	6.67055326854699e-06	0.0715453146666667	93.51344272	54174.4484848485	3.83430463259477	0.969174316027473	0	4.05218700856281	2.02181712863365	4.45335729870152
Citrullus_lanatus_Branham2017	5	203.6397064	205.078856268551	203.639706400707	34341346	284	1.39461996395807	8.26991463875644e-06	3.5335682243852e-10	178.02303954	598.254416961131	5.92986967954023	0.938532083788639	0	5.92433467478915	5.86771547803515	3.27899653265684
Citrullus_lanatus_Branham2017	6	146.674825	148.410621745562	146.674825001183	27009302	170	1.15902643824528	6.29412785269312e-06	5.91715972798737e-10	132.87258931	1084.54437869822	5.43053000777288	0.901534877173952	0	5.71830221907785	5.90716478441978	3.91698404284475
Citrullus_lanatus_Branham2017	7	110.2032157	111.462681022286	110.203215701143	29762003	176	1.59704958591331	5.91358048045355e-06	5.71428702204589e-10	84.08947368	4418.42285714286	3.70281582526552	0.958996554196709	0	3.67386922769175	3.58068721703303	3.44312427178746
Citrullus_lanatus_Branham2017	8	127.6535117	128.990197686387	127.653511701047	26688004	192	1.50407143088411	7.19424352604264e-06	5.23560199663723e-10	115.85168865	133.073298429319	4.7831794277309	0.950616694723184	0	4.99885425180764	3.85309050151414	4.05766164468412
Citrullus_lanatus_Branham2017	9	178.8376202	180.177227841948	178.837620200749	35731058	268	1.49856612775481	7.50047759570959e-06	3.74531815010807e-10	159.46154175	522.996254681648	5.00510284917956	0.950069950121903	0	5.08844077735246	4.2128130433584	5.11254087232072
Citrullus_lanatus_Ren2015	1	119.884	121.898857142857	121.898857142857	33841698	120	1.00096760201528	3.54592136600238e-06	1.00742857142857	9.884	283798.12605042	3.54249364201524	0.864926364896067	0	3.49341934821551	3.14065091492178	2.97245448772368
Citrullus_lanatus_Ren2015	2	119.85	121.737401574803	121.737401574803	34185162	128	1.06800166875261	3.74431456548312e-06	0.943700787401575	4.773	263209.811023622	3.505907036509	0.881873989357983	0	3.51652838929778	3.92230326256558	2.58889328428548
Citrullus_lanatus_Ren2015	3	99.267	101.42497826087	101.42497826087	28510024	93	0.936867236846082	3.26201058266384e-06	1.07898913043478	6.946	309206.22826087	3.48182800547625	0.846450835554924	0	3.37581143420217	2.06766311625482	3.65190168632124
Citrullus_lanatus_Ren2015	4	77.271	79.5107391304348	79.5107391304348	24001129	70	0.905902602528762	2.9165294682596e-06	1.11986956521739	4.374	344505.507246377	3.21947355059839	0.836641025977909	0	3.36732665328397	2.85495608055437	2.31317016503245
Citrullus_lanatus_Ren2015	5	140.192	141.955421383648	141.955421383648	33188134	160	1.14129194247889	4.82100018036567e-06	0.881710691823899	2.753	208467.308176101	4.2241603580364	0.897979742753227	0	4.10188409867593	4.34360210542185	2.47747485009273
Citrullus_lanatus_Ren2015	6	79.336	81.2477108433735	81.2477108433735	26481824	84	1.05878793990118	3.17198694470592e-06	0.955855421686747	4.579	309850.710843373	2.99586614577606	0.879677047433911	0	3.20422295793606	3.5576524680628	2.08697031614988
Citrullus_lanatus_Ren2015	7	61.824	63.8510163934426	63.8510163934426	31223200	62	1.00284679089027	1.98570293884035e-06	1.01350819672131	4.015	504415.754098361	1.98006610469138	0.865433069850087	0	2.01114894565634	1.75621747496906	0.798531559322671
Citrullus_lanatus_Ren2015	8	82.813	84.5749787234043	84.5749787234043	26074171	95	1.14716288505428	3.64345236517778e-06	0.880989361702128	3.148	275106.79787234	3.17605495492071	0.899170647480947	0	3.13760767207572	2.31793591658553	2.57088659107401
Citrullus_lanatus_Ren2015	9	114.473	116.234123076923	116.234123076923	34697206	131	1.14437465603243	3.77552013842267e-06	0.880561538461539	3.13799999999999	266627.8	3.29919936492869	0.898606806169484	0	3.2011458616756	2.2562364001842	2.77762638874669
Citrullus_lanatus_Ren2015	10	103.986	105.985730769231	105.985730769231	28326808	105	1.00975131267671	3.70673603605461e-06	0.999865384615385	5.386	262641.365384615	3.67093955662071	0.867278539043839	0	3.86814815168477	3.54659940576761	3.3045608621616
Citrullus_lanatus_Ren2015	11	100.341	102.132803571429	102.132803571429	26553737	113	1.12615979509871	4.25552154862421e-06	0.895901785714286	10.384	229441.455357143	3.7787901567301	0.894844975115164	0	3.85719810979694	3.16379544647121	3.46846221625944
Cucumis_melo_Pereira2018	1	124.633	128.653419354839	128.653419354839	36998948	63	0.50548410132148	1.70275111605876e-06	2.01020967741935	7.76900000000001	591245.225806452	3.36855523567859	0.636133487549781	0.0307692307692308	3.22033076539435	1.69997828144417	3.22867563954505
Cucumis_melo_Pereira2018	2	127.708	131.464117647059	131.464117647059	26206397	69	0.540295048078429	2.63294492562255e-06	1.87805882352941	9.101	382973.441176471	4.87316131248412	0.660604809255389	0.0142857142857143	4.91690833451713	3.07039586672045	4.91530009929338
Cucumis_melo_Pereira2018	3	122.55	125.575925925926	125.575925925926	31386360	82	0.669114647082823	2.61259986822301e-06	1.51296296296296	5.879	386655.024691358	3.90456236403329	0.737690269028879	0	3.77225271674905	2.32732560134584	3.83888773678438
Cucumis_melo_Pereira2018	4	156.942	160.211625	160.211625	33938856	97	0.618062723808796	2.8580810148698e-06	1.6348125	9.53400000000001	349225.302083333	4.62425722304841	0.70949237280129	0	4.67090613778079	2.55318606340785	5.61183522191264
Cucumis_melo_Pereira2018	5	125.119	128.745637681159	128.745637681159	29246933	70	0.559467387047531	2.39341335380363e-06	1.81331884057971	9.42	421219.028985507	4.27802122020795	0.673372458505865	0.0140845070422535	4.18140260973531	1.272446284102	5.07626261761319
Cucumis_melo_Pereira2018	6	152.891	156.811282051282	155.634461538462	37606100	79	0.516707981503162	2.10072302099925e-06	1.37173076923077	48.951	421135.256410256	4.06559042283034	0.644210481448869	0	4.14688166251234	2.24421025717137	4.04670528306314
Cucumis_melo_Pereira2018	7	130.868	134.311894736842	134.311894736842	28790957	77	0.588379130115842	2.67445087011175e-06	1.72194736842105	8.637	376965.894736842	4.54545501908811	0.691723527368701	0	4.5775461048002	2.27848963654561	5.59177541437901
Cucumis_melo_Pereira2018	8	129.213	133.070104477612	133.070104477612	33089211	68	0.526262837330609	2.05505051178162e-06	1.92855223880597	7.272	489228.731343284	3.9049888496888	0.650944964601711	0	3.67794809341647	1.81544475454557	4.39185370031113
Cucumis_melo_Pereira2018	9	109.509	113.491145454545	113.491145454545	25155108	56	0.511373494415984	2.22618801716137e-06	1.99107272727273	6.504	456718	4.3533504209165	0.64039425083009	0	4.28296191731656	1.07308126820063	5.22234255386693
Cucumis_melo_Pereira2018	10	103.145	107.833409090909	107.833409090909	23424152	45	0.436279024674003	1.92109409126102e-06	2.34420454545455	13.526	525764.954545455	4.40336111206929	0.582118779928682	0.0625	4.17836633541138	2.25308453917817	4.58880770972492
Cucumis_melo_Pereira2018	11	108.945	113.217352941176	113.217352941176	34323298	52	0.477305062187342	1.51500592979148e-06	2.13617647058824	8.978	664809.156862745	3.17408309656024	0.615037797321433	0	3.25870793285935	0.873255140302229	5.37844095689527
Cucumis_melo_Pereira2018	12	103.817	107.396896551724	107.396896551724	27373850	59	0.568307695271487	2.15534168558679e-06	1.78994827586207	8.431	465076.551724138	3.79256114868752	0.679096681773081	0	3.44586460540327	1.87884873849679	4.40048431807122
Cucumis_sativus_Zhu2016	2	139.539	140.397701538462	140.397701538462	22842229	326	2.33626441353313	1.42718120897921e-05	0.429350769230769	1.768	68361.4984615385	6.10881713864264	0.990651401379417	0	6.23430733760135	6.00313854015823	2.11902824317902
Cucumis_sativus_Zhu2016	3	212.143	212.797762345679	212.797762345679	39753004	649	3.0592571991534	1.63258102456861e-05	0.327381172839506	2.28900000000002	60791.8240740741	5.33652752380675	0.997798275579845	0	5.3153327441364	5.14239215871203	2.14044072316036
Cucumis_sativus_Zhu2016	6	155.151	155.857838268793	155.857838268793	29015682	440	2.83594691623	1.51642136138658e-05	0.353419134396355	1.962	64738.3302961276	5.34714296910202	0.996558658223917	0	5.22631061965699	5.12221660850024	2.76944505715108
Cucumis_sativus_Zhu2016	7	100.687	101.28811641791	101.28811641791	18717470	336	3.33707429956201	1.79511440381633e-05	0.300558208955224	1.441	53486.928358209	5.37930607074567	0.998736852426893	0	5.00546001431976	4.98279567215775	2.71349500460426
Cucumis_sativus_Zhu2016	1	136.927	137.606538461538	137.606538461538	28933049	404	2.95047726160655	1.3963270860254e-05	0.339769230769231	1.30800000000001	71723.6079404466	4.7325465076287	0.997263168797325	0	4.81990442744705	4.67578782373348	1.57381543539264
Cucumis_sativus_Zhu2016	4	165.675	166.335059760956	166.335059760956	23400650	503	3.03606458427644	2.14951294087985e-05	0.330029880478088	1.962	46519.6932270916	7.0799315403632	0.997693742431746	0	7.16658521528332	7.05026298522287	2.60918757085711
Cucumis_sativus_Zhu2016	5	151.069	151.828140703518	151.828140703518	27822732	399	2.64117721041378	1.43407915513114e-05	0.379570351758794	2.357	69853.1532663317	5.42969683926079	0.994919544829063	0	5.48573241309392	4.39324910612802	3.54562089807339
Glycine_max_SoyBase	M	132.49	133.930108695652	132.626630434783	44364856	185	1.39633179862631	4.16996732729167e-06	0.0683152173913044	113.75	28143.1630434783	2.98637281725878	0.938742169770871	0.075	2.97901425998183	3.44551837943912	2.9936947070207
Glycine_max_SoyBase	D1b	135.54	136.888656716418	135.988059701493	48470807	202	1.49033495647041	4.16745691896568e-06	0.224029850746269	120.59	155493.054726368	2.79632233067628	0.949241181516865	0.0776255707762557	2.70223466936846	2.56248527063054	2.70559380301948
Glycine_max_SoyBase	A2	144.35	145.318791946309	144.619395973154	47725261	299	2.07135434707309	6.26502597859025e-06	0.134697986577181	113.85	39589.6845637584	3.02460367896155	0.984120220269683	0.0685358255451713	2.83627998988199	2.96293514615686	2.45604169750897
Glycine_max_SoyBase	C1	112.2	113.273684210526	112.305741626794	52319789	210	1.8716577540107	4.01377765495193e-06	0.0528708133971293	104.15	116996.172248804	2.14450406136003	0.97632452337274	0.0497737556561086	2.06679175359656	0.258860773792018	2.96543801952399
Glycine_max_SoyBase	G	107.09	107.73125748503	107.479760479042	57968533	335	3.12820991689233	5.77899737431686e-06	0.194880239520958	105.42	150291.383233533	1.84738157855401	0.998081899362324	0.0563380281690141	1.73095858456239	0.740628943046259	2.19948435542857
Glycine_max_SoyBase	F	118.3	119.231496062992	118.52874015748	45682925	255	2.15553677092139	5.58195430787324e-06	0.114370078740158	112.25	26924.1771653543	2.58958899851531	0.986580864145081	0.0760869565217391	2.48251171253244	3.0072839460101	2.26996597121404
Glycine_max_SoyBase	D1a	97.29	98.4413609467456	97.3397041420118	56122467	170	1.74735327371775	3.02908993647767e-06	0.0248520710059172	79.99	122958.538461538	1.73353035247007	0.96964234433846	0.0607734806629834	1.60039764330022	0.0694659824741862	3.44091823080596
Glycine_max_SoyBase	A1	86.75	87.6004901960784	86.9130392156863	41913096	205	2.36311239193084	4.89107270911221e-06	0.0815196078431372	77.02	25617.8431372549	2.0697588171487	0.991140144146567	0.0888888888888889	2.10712371756763	0.480113769690519	3.13827950630012
Glycine_max_SoyBase	D2	118.32	119.405504587156	119.281467889908	41555100	219	1.85091277890467	5.27011124988269e-06	0.480733944954129	107.5	177621.458715596	2.84730394103251	0.975321566583971	0.0950413223140496	2.84843935394442	1.10760624692747	3.35735773494886
Glycine_max_SoyBase	O	132.89	134.161674641148	133.147990430622	51501283	210	1.58025434569945	4.077568319997e-06	0.128995215311005	113.42	65199.6889952153	2.5803240668781	0.957595835040809	0.0707964601769911	2.65131408729991	0.68668171062651	3.50863243587488
Glycine_max_SoyBase	N	96.07	97.1142391304348	96.5423913043478	45462321	185	1.92567919225565	4.06930389673682e-06	0.236195652173913	69.04	193924.081521739	2.11317851545679	0.978749150002117	0.0975609756097561	1.94156692924371	0.632273593400596	2.28901969186363
Glycine_max_SoyBase	K	95.02	95.8957603686636	95.0663594470046	50019515	218	2.29425384129657	4.35829895591751e-06	0.0231797235023043	87.74	567.460829493088	1.89965856326276	0.98983197902846	0.0521739130434783	1.78431096558751	0.41004516199328	2.38933846974761
Glycine_max_SoyBase	B2	98.88	100.139617834395	99.4779617834395	48885155	158	1.59789644012945	3.23206503078491e-06	0.298980891719745	84.93	246390.331210191	2.02269993825324	0.959065943299577	0.107344632768362	1.85319260512464	0.0617741256437099	2.75844304299277
Glycine_max_SoyBase	L	101.14	102.276404494382	101.740337078652	50575652	179	1.76982400632786	3.53925244503027e-06	0.300168539325843	87.4	220871.269662921	1.99977649324224	0.970976458796339	0.077319587628866	1.93255322406433	0.911402320583815	2.73004828750433
Glycine_max_SoyBase	E	98.11	99.0059817351598	98.121598173516	51379618	220	2.24238100091734	4.28185355523663e-06	0.00579908675799071	83.83	5118.88584474886	1.90951205592848	0.988720428281314	0.0476190476190476	1.85487768857192	0.496445942192448	2.39288890850225
Glycine_max_SoyBase	I	112.77	113.849138755981	113.532775119617	47757190	210	1.86219739292365	4.3972436401723e-06	0.381387559808612	108.69	100562.794258373	2.36131983477252	0.975872301566525	0.0707964601769911	2.0855939150795	0.216131769798038	2.81954722118472
Glycine_max_SoyBase	B1	115.97	117.919075630252	116.29756302521	34641388	120	1.03475036647409	3.46406443067466e-06	0.163781512605042	107.86	19796.3865546218	3.34772960021117	0.873751202162117	0.0977443609022556	3.06150783615437	4.04474214951192	73.6576656900782
Glycine_max_SoyBase	H	109.78	111.10265060241	109.812530120482	39968117	167	1.52122426671525	4.17833044273764e-06	0.016265060240964	104.02	101058.795180723	2.74668931738766	0.952282092556196	0.0617977528089888	2.59661794448111	2.66798967928348	3.42146799541911
Glycine_max_SoyBase	J	90.46	91.3256459330144	90.927942583732	37781421	210	2.32146805217776	5.5582874979742e-06	0.233971291866029	71.23	145677.04784689	2.39429850984165	0.990370616793143	0.0869565217391304	2.23776730659362	0.883121064446026	2.74392558066109
Glycine_max_SoyBase	C2	136.51	137.606465863454	136.519317269076	51277551	250	1.8313676653725	4.87542784560831e-06	0.0046586345381526	121.49	71463.8112449799	2.66217862081596	0.974337778028788	0.053030303030303	2.57099141865267	0.939839888642171	2.81041902231396
Gossypium_raimondii_Wang2013	5	191.5	191.602929320075	191.602929320075	64137534	3722	19.4360313315927	5.80315420296639e-05	0.0514646600376243	5.80000000000001	17235.6852996506	2.98577117105874	1	0	3.01055641545498	1.07624324644425	5.06643192403748
Gossypium_raimondii_Wang2013	6	172.6	172.702433234421	172.702017804154	51070113	3371	19.5307068366165	6.60072947165792e-05	0.0510089020771513	1.6	15139.2833827893	3.37966747792393	1	0	3.33980072743481	1.97400799305951	3.27292172545877
Gossypium_raimondii_Wang2013	9	264.4	264.498491339169	264.498454088285	70691916	5370	20.3101361573374	7.59634241629552e-05	0.0492270441422984	8.9	13164.7461352207	3.7401730630699	1	0	3.72965115386643	1.6591609236506	4.18472348142997
Gossypium_raimondii_Wang2013	10	171.2	171.302026221693	171.302026221692	62168543	3357	19.6086448598131	5.3998370204687e-05	0.0510131108462455	4.19999999999999	18521.6260429082	2.75380428330128	1	0	2.96758569315411	1.15983186742795	5.18869423005025
Gossypium_raimondii_Wang2013	11	165.5	165.590884129599	165.590225151016	62664955	3643	22.012084592145	5.81345666010612e-05	0.0451125755079627	5.5	17202.9763866008	2.64102958344102	1	0	2.18925177999817	0.846129923982761	2.66998370656822
Gossypium_raimondii_Wang2013	1	195.3	195.404943578721	195.404943578721	55864903	3723	19.062980030722	6.66429153201966e-05	0.0524717893605588	4.30000000000001	15001.6012896292	3.4959337528967	1	0	3.57040848276211	2.12058237812237	5.05853106987998
Gossypium_raimondii_Wang2013	2	176.3	176.394835933297	176.394835933297	62765712	3719	21.0947249007374	5.92520961126036e-05	0.0474179666487359	3.6	16879.9002151694	2.80885844169186	1	0	2.42613110512855	0.684950114851965	5.01660713591137
Gossypium_raimondii_Wang2013	3	120	120.089219330855	120.089219330855	45751563	2691	22.425	5.88176626883764e-05	0.0446096654275093	3.9	16999.8780669145	2.62286121241366	1	0	2.41818258416387	0.87179201975188	3.94863275491249
Gossypium_raimondii_Wang2013	4	183.6	183.690088321884	183.690088321884	62172560	4077	22.2058823529412	6.55755529449004e-05	0.0450441609421001	2.69999999999999	15246.2323356232	2.95307125844585	1	0	3.02827276322014	0.935382334109361	4.05740266900111
Gossypium_raimondii_Wang2013	7	216.6	216.69141169023	216.69141169023	60979357	4740	21.8836565096953	7.77312230432341e-05	0.0457058451150032	2.8	12861.4085250053	3.55202171121614	1	0	3.52488011808409	2.3586279151139	3.31466568669842
Gossypium_raimondii_Wang2013	8	159.3	159.379769654482	159.379769654482	57109825	3995	25.0784682988073	6.99529371697427e-05	0.0398848272408613	3.09999999999999	14289.1847771657	2.78936242581727	1	0	2.98029994837787	2.04871182369943	3.29077786607709
Gossypium_raimondii_Wang2013	12	101.5	101.585115303983	101.585115303983	35416285	2386	23.5073891625616	6.73701377770142e-05	0.0425576519916143	2.60000000000001	14834.7371069182	2.86591323737089	1	0	2.92742107992845	1.29496150441374	3.01471633058693
Gossypium_raimondii_Wang2013	13	197.9	198.005518528392	198.005518528392	58316495	3752	18.9590702374937	6.43385717883079e-05	0.0527592641962143	3.9	15546.348973607	3.39355100130761	1	0	3.10423805325153	1.33169404861441	5.06649829464435
Malus_domestica_DiPierro2016	1	63.08	63.3467230443975	63.3036363636364	32796239	474	7.5142675967026	1.44528767460196e-05	0.111818181818182	30.878	48235.6701902748	1.92339127666438	0.999999702703296	0.00836820083682008	1.98666505008859	1.7583875940736	1.6093608988937
Malus_domestica_DiPierro2016	2	78.416	78.6245531914894	78.6245531914894	38368353	753	9.60263211589472	1.96255492123939e-05	0.104276595744681	1.508	50844.6170212766	2.04376768531086	0.999999995436903	0.0013262599469496	2.01997178189041	2.3030280576626	1.13355723049762
Malus_domestica_DiPierro2016	3	73.947	74.1661022222222	74.1661022222222	36968843	676	9.14168255642555	1.82856682855885e-05	0.109551111111111	1.949	54469.6488888889	2.00025194188522	0.999999988528098	0.00879765395894428	1.97990716586037	2.12907195479397	0.921424350505395
Malus_domestica_DiPierro2016	4	65.164	65.3898717504333	65.2392478336222	30534223	578	8.86992818120435	1.89295794427125e-05	0.0376239168110919	2.112	11533.3830155979	2.13412995640989	0.999999980244944	0.00344827586206897	2.12771863339301	2.24965272923043	1.16045013714625
Malus_domestica_DiPierro2016	5	80.864	81.0702857142857	81.0625331632653	47834300	785	9.70765730114761	1.64108181785873e-05	0.0992665816326531	2.358	59256.1760204082	1.69050242190228	0.999999996301412	0.00506970849176172	1.6901137283328	1.60779058944578	0.829481870471561
Malus_domestica_DiPierro2016	6	75.262	75.5465444234405	75.5465444234405	35498518	530	7.04206638144083	1.49302007480988e-05	0.142272211720227	4.168	66445.8941398866	2.12014484661022	0.999999235568	0.00562851782363977	2.11384015922172	1.69978358106053	1.61351526053964
Malus_domestica_DiPierro2016	7	82.39	82.7361764705882	82.7361764705882	35745153	477	5.7895375652385	1.33444665910368e-05	0.173088235294118	2.992	75079.731092437	2.3049278877055	0.999990640092317	0	2.31919609540474	2.2431424959544	1.16244847480535
Malus_domestica_DiPierro2016	8	68.526	68.7521584158416	68.7521584158416	31139183	607	8.85795172635204	1.94931254297841e-05	0.113079207920792	2.592	50936.5346534653	2.20063577133671	0.99999997976604	0.00328407224958949	2.24750960055042	2.02920843005402	1.14216882761591
Malus_domestica_DiPierro2016	9	67.018	67.2467303754266	67.2457337883959	34704868	587	8.75884090841267	1.69140536710873e-05	0.113866894197952	2.649	58613.4402730375	1.93108355865235	0.999999975330096	0.00170068027210884	1.89205425727681	2.05128645373809	1.07721569151583
Malus_domestica_DiPierro2016	10	81.301	81.5157978863937	81.5157978863937	43434414	758	9.32337855622932	1.74515995542152e-05	0.10739894319683	2.66	56961.6367239102	1.87181067989084	0.999999992023428	0.00394218134034166	1.87534336816768	1.95435201280695	0.884976699613065
Malus_domestica_DiPierro2016	11	80.943	81.1508125802311	81.1508125802311	42367548	780	9.63641080760535	1.8410317255084e-05	0.103906290115533	1.961	54167.3863928113	1.91049526869008	0.999999995734991	0.00510204081632653	1.90149742478177	2.00175142240015	0.944368795202752
Malus_domestica_DiPierro2016	12	65.444	65.6342441860465	65.4625755813954	32275348	689	10.5280850803741	2.13475622323267e-05	0.00928779069767442	1.554	3589.28052325581	2.0276775946769	0.999999999283161	0.00144927536231884	1.99918160013864	2.05726262118404	0.940558131679484
Malus_domestica_DiPierro2016	13	71.363	71.6024731543624	71.6024731543624	44663892	597	8.36567969395905	1.33665019609129e-05	0.119736577181208	2.588	73400.505033557	1.59777835751528	0.99999994584196	0.005	1.53681519808136	1.16527490433059	1.48300825834181
Malus_domestica_DiPierro2016	14	64.394	64.6207394366197	64.6207394366197	31412108	569	8.83622697766873	1.81140342443748e-05	0.113369718309859	3.224	54967.3943661972	2.04997385084758	0.999999978867505	0.00350262697022767	2.07848784161184	1.99882284076252	1.03984136422072
Malus_domestica_DiPierro2016	15	112.148	112.392864628821	112.392864628821	55756261	917	8.17669508149945	1.64465834608242e-05	0.12243231441048	3.17	60456.0589519651	2.01139742853273	0.999999920966195	0.00864864864864865	2.00143979192239	1.81339857450051	1.14951823905658
Malus_domestica_DiPierro2016	16	67.48	67.708358714044	67.708358714044	41544238	592	8.77296976882039	1.42498702226768e-05	0.114179357021997	2.924	65673.9813874789	1.62429263957134	0.999999976017454	0.00671140939597315	1.59839811164726	0.782533841203659	1.58043745096225
Malus_domestica_DiPierro2016	17	71.795	72.043856152513	72.043856152513	33332413	578	8.05069990946445	1.73404787706189e-05	0.124428076256499	2.719	57639.2894280763	2.15390946944045	0.999999898316401	0.00172711571675302	2.18010523202998	2.24185276255378	1.08931776042109
Manihot_esculenta_ICGMC2015	1	164.78	164.921929371232	164.916950904393	26762116	2323	14.0975846583323	8.68018059558519e-05	0.0684754521963824	12.68	11524.2071490095	6.15721118614089	0.999999999999431	0	5.69098628380951	5.74815438806873	2.82348288349907
Manihot_esculenta_ICGMC2015	2	164.22	164.460615384615	164.445377289377	24409638	1366	8.31810985263671	5.59615017641802e-05	0.112688644688645	13.88	17866.0102564103	6.72767043902904	0.999999940436312	0	6.07864626661848	6.33793578532543	4.23867550838315
Manihot_esculenta_ICGMC2015	3	155.6	155.834867924528	155.825856603774	22972543	1326	8.52185089974293	5.77210803349024e-05	0.112928301886792	16.16	17258.9433962264	6.77330324291917	0.999999960370886	0	6.74091898561673	7.67015528586228	4.2469858674333
Manihot_esculenta_ICGMC2015	4	148.73	148.93401920439	148.891961591221	21741191	1459	9.80972231560546	6.71076391353169e-05	0.0809807956104252	28.12	14873.2791495199	6.84093157545969	0.999999996984333	0	5.60917585242722	2.33883547773385	6.91574036362471
Manihot_esculenta_ICGMC2015	5	146.87	147.091023325809	147.091023325809	23184023	1330	9.05562742561449	5.73670928466556e-05	0.110511662904439	11.93	17433.8517682468	6.3349661100664	0.999999986373574	0	6.30286150831064	4.56361215559248	6.02842183134783
Manihot_esculenta_ICGMC2015	6	144.73	144.928124572211	144.926331279945	22360442	1462	10.1015684377807	6.53833229235809e-05	0.0981656399726215	12.97	15288.0013689254	6.47259119475366	0.999999998317755	0	6.32120017211957	6.419290811254	2.95220528582481
Manihot_esculenta_ICGMC2015	7	141.96	142.29520661157	142.290342384888	18947614	848	5.97351366582136	4.47549754813456e-05	0.16517119244392	58.03	22325.3565525384	7.49223622562714	0.999993521537418	0	7.94993544646575	8.44964436785995	3.7070837379536
Manihot_esculenta_ICGMC2015	8	137.48	137.707052023121	137.705763831544	23157923	1212	8.81582775676462	5.23362997622887e-05	0.112881915772089	16.44	19110.8967795211	5.93662911825037	0.999999977987503	0	6.10828982946114	5.99697979615682	3.90590949066958
Manihot_esculenta_ICGMC2015	9	137.35	137.577777777778	137.5735986733	20754194	1207	8.78776847469967	5.81569199940985e-05	0.111799336650083	51.36	17133.7495854063	6.61793948731519	0.999999976716874	0	6.70774229614914	7.16922391054652	4.0547986568626
Manihot_esculenta_ICGMC2015	10	133.31	133.57398019802	133.562376237624	20248057	1011	7.58382716975471	4.99307168090252e-05	0.126188118811881	10.23	20046.0613861386	6.58384160020885	0.999999741314899	0	6.16894664948772	6.47773235024518	3.51757789602941
Manihot_esculenta_ICGMC2015	11	132.16	132.358886380737	132.357938299473	20820161	1330	10.0635593220339	6.38803897818081e-05	0.0989691497366441	11.95	15661.4973664409	6.34769346884493	0.999999998184888	0	6.50268978653841	6.65730019365984	3.1541301422871
Manihot_esculenta_ICGMC2015	12	128.85	129.148955916473	129.147795823666	22726226	863	6.697710516104	3.79737489189802e-05	0.148897911832947	20.33	26322.7343387471	5.66966112191263	0.999998477902184	0	5.82227592124111	5.72980089593701	4.45330375768516
Manihot_esculenta_ICGMC2015	13	125.09	125.379560185185	125.379560185185	20160861	865	6.91502118474698	4.29049136343929e-05	0.144780092592593	12.16	23152.8321759259	6.20459612315168	0.999999014426734	0	6.19181447361036	5.66902690899432	4.63273572093041
Manihot_esculenta_ICGMC2015	14	120.26	120.43882527881	120.43882527881	17825187	1346	11.192416431066	7.55111292801585e-05	0.0894126394052045	35.98	13239.9204460967	6.74663328917671	0.999999999810159	0	6.90225808249794	5.1287881444834	8.526731434472
Manihot_esculenta_ICGMC2015	15	117.89	118.042411118293	118.042411118293	20162180	1548	13.1308847230469	7.67774119663647e-05	0.0762055591467356	28.53	13031.8907563025	5.84708597978988	0.999999999996068	0	6.04795383839074	4.97622151912309	3.1274630049988
Manihot_esculenta_ICGMC2015	16	117.13	117.384907508161	117.38231773667	18839600	920	7.85452061811662	4.88333085628145e-05	0.126158868335147	7.61	20497.9140369967	6.21722329561137	0.999999849460637	0	6.42095240249619	6.90542917183137	4.50820841536426
Manihot_esculenta_ICGMC2015	17	104.95	105.165724563207	105.164141829394	20523211	974	9.28060981419724	4.74584605693524e-05	0.107070914696814	14.62	21024.6988694758	5.11372221432601	0.999999991311101	0	4.83264775035234	4.3531483552676	3.80603196866081
Manihot_esculenta_ICGMC2015	18	90.99	91.1698221343873	91.1691304347826	17887629	1013	11.1330915485218	5.66313176553472e-05	0.0895652173913044	23.39	17673.8507905138	5.08675576846993	0.999999999786243	0	5.16585463412523	5.230433671828	4.83037785013068
Oryza_indica_Jiang2017	1	128.51	129.254985507246	129.254985507246	43260000	346	2.69239747879542	7.99815071659732e-06	0.372492753623188	6.80000000000001	124985.507246377	2.97064262598243	0.995414219494669	0	3.02821494971776	2.6664959140581	1.80384985836876
Oryza_indica_Jiang2017	2	137.31	138.222358803987	138.222358803987	35900000	302	2.19940281115724	8.41225626740947e-06	0.456179401993355	7.51000000000001	119136.212624585	3.82479108635098	0.98770798755558	0	3.89906009120212	2.89189945230427	3.52382416159659
Oryza_indica_Jiang2017	3	129.69	130.51082278481	130.51082278481	36300000	317	2.44429023054977	8.73278236914601e-06	0.410411392405063	6.8	114620.253164557	3.57272727272727	0.992467892991455	0	3.69645530376491	3.18221818571871	2.16761031315035
Oryza_indica_Jiang2017	4	137.57	138.496397306397	138.496397306397	35480000	298	2.16616994984372	8.39909808342728e-06	0.463198653198653	9.07000000000001	118720.538720539	3.87739571589628	0.986863227231255	0	3.8417745578664	3.2001324641565	2.55859751973176
Oryza_indica_Jiang2017	5	103.72	104.580746887967	104.580746887967	29900000	242	2.33320478210567	8.09364548494983e-06	0.430373443983402	4	123817.427385892	3.46889632107023	0.990594019458662	0	3.41664245890117	3.64178220129327	2.20266613350581
Oryza_indica_Jiang2017	6	110.67	111.628181818182	111.628181818182	31060000	232	2.09632239992771	7.46941403734707e-06	0.479090909090909	7.51	134285.714285714	3.56310367031552	0.98489372109179	0	3.49232995760748	2.86492923909438	2.97239776597412
Oryza_indica_Jiang2017	7	100.53	101.360826446281	101.360826446281	29660000	243	2.41718889883617	8.19285232636548e-06	0.415413223140496	6.8	121983.47107438	3.3894133513149	0.992048365688521	0	3.10250533996088	2.65625004521422	1.85019966756962
Oryza_indica_Jiang2017	8	103.9	104.982291666667	104.982291666667	28300000	193	1.85755534167469	6.81978798586572e-06	0.541145833333333	6.79000000000001	146666.666666667	3.67137809187279	0.975647254477593	0	3.68813722719294	2.42435094115466	3.21695735694469
Oryza_indica_Jiang2017	9	95.94	96.7852863436123	96.7852863436123	22820000	228	2.37648530331457	9.99123575810692e-06	0.422643171806167	6.12	100264.317180617	4.20420683610868	0.991373967444316	0	4.37928179117583	3.88750899463775	2.94266848874842
Oryza_indica_Jiang2017	10	39.63	40.122298136646	40.122298136646	23120000	162	4.08781226343679	7.00692041522491e-06	0.246149068322981	1.73	143354.037267081	1.71410034602076	0.999718569357696	0	1.7229346670886	1.22136575590488	1.32479766030526
Oryza_indica_Jiang2017	11	81.13	81.8204680851064	81.8204680851064	28980000	236	2.9089116233206	8.14354727398206e-06	0.345234042553191	3.2	121702.127659574	2.79951690821256	0.997025928075013	0	2.84624981829031	2.10478600315504	2.27759847022201
Oryza_indica_Jiang2017	12	97.9	98.6618677042802	98.6618677042802	27460000	258	2.63534218590398	9.39548434085943e-06	0.380933852140078	9.07	106692.607003891	3.56518572469046	0.994859908364769	0	3.53385259285992	3.35845170898172	2.05660991972419
Oryza_sativa_DeLeon2016	1	199.82	200.141254019293	200.141254019293	43237333	1245	6.23060754679211	2.87945604785568e-05	0.160627009646302	9.98	34251.8022508039	4.6214691364058	0.999996125969398	0	4.68377929496135	4.49802169946595	2.20157719776437
Oryza_sativa_DeLeon2016	2	182.94	183.30588	183.30588	35875736	1001	5.47173936809883	2.79018665986393e-05	0.18294	7.19	35825.148	5.09926820734772	0.999982327110093	0	5.23366863338927	4.76515231416539	2.92205211232126
Oryza_sativa_DeLeon2016	3	191.23	191.588444236176	191.588444236176	36405799	1068	5.58489776708675	2.93359857312842e-05	0.179222118088097	8.01000000000001	33934.5313964386	5.25273459868303	0.999985906481318	0	5.25170250184195	5.51342106378994	2.43204428896537
Oryza_sativa_DeLeon2016	4	148.06	148.420682095006	148.420682095006	35501387	822	5.55180332297717	2.3154024939927e-05	0.180341047503045	6.88	43106.6930572473	4.17054128054208	0.99998494208281	0	4.22111336109334	4.18654066165652	2.59625579408454
Oryza_sativa_DeLeon2016	5	135.57	135.918061617458	135.918061617458	29540828	780	5.75348528435495	2.64041346437547e-05	0.17403080872914	4.35	37808.8305519897	4.5892417098126	0.999989940273381	0	4.5777945293653	4.76049891931528	2.54198507740406
Oryza_sativa_DeLeon2016	6	148.61	148.963412604043	148.963412604043	30869147	842	5.66583675391966	2.72764258759725e-05	0.176706302021403	5.33	36539.38882283	4.81419198269392	0.999988012828334	0	4.88650013779337	4.33379153344985	2.43891299794653
Oryza_sativa_DeLeon2016	7	127.36	127.706557823129	127.706557823129	29582943	736	5.77889447236181	2.4879201504732e-05	0.173278911564626	8.7	40222.906122449	4.30518356473188	0.999990438719962	0	4.37667859955835	3.65294420387699	3.09574835406309
Oryza_sativa_DeLeon2016	8	113.88	114.364595744681	114.364595744681	28399689	471	4.13593256059009	1.65846886562737e-05	0.242297872340426	10.57	60314.9446808511	4.00990306619203	0.999744391893701	0	3.7831836569236	3.54344964844477	3.22195033442912
Oryza_sativa_DeLeon2016	9	85.87	86.1645797598628	86.1645797598628	22779506	584	6.80097822289507	2.56370792237549e-05	0.147289879931389	6.49	38653.0034305317	3.76961642627369	0.999998761929509	0	3.85914209755574	3.71763703350107	2.42139682170548
Oryza_sativa_DeLeon2016	10	95.17	95.5388759689922	95.5388759689922	23117196	517	5.43238415467059	2.23643040444871e-05	0.184437984496124	11.55	44691.1666666667	4.11684877352772	0.99998087985964	0	4.00775638524099	2.6111391355247	2.8856183932351
Oryza_sativa_DeLeon2016	11	121.77	122.162173913043	122.162173913043	28973227	622	5.10799047384413	2.14680953557572e-05	0.196086956521739	13.09	46405.7165861514	4.20284561329672	0.999963418976941	0	4.19113675490931	3.40087151200437	3.1577636988398
Oryza_sativa_DeLeon2016	12	99.91	100.235439739414	100.235439739414	27488377	615	6.15553998598739	2.23730924528574e-05	0.16271986970684	6.75	44339.5602605863	3.63462710075608	0.999995498410368	0	3.52569761592068	2.86769179553806	2.67238412652316
Phaseolus_vulgaris_Song2015	1	84.034	84.257197875166	84.2455484727756	52183484	754	8.97255872622986	1.44490160909915e-05	0.105774236387782	8.38000000000001	68909.7410358566	1.61035625754693	0.999999983910798	0.00264550264550265	1.65825459321684	0.321616468508369	2.39070339302039
Phaseolus_vulgaris_Song2015	2	127.601	128.105351778656	128.105351778656	49033712	507	3.97332309307921	1.03398249759268e-05	0.252175889328063	6.71600000000001	96891.243083004	2.60231165040085	0.99964615308652	0.00782778864970646	2.54141225488446	1.74103681940281	3.11408426821735
Phaseolus_vulgaris_Song2015	3	116.937	117.383324427481	117.382526717557	52218635	525	4.48959696246697	1.00538821054974e-05	0.222763358778626	15.509	99434.8893129771	2.23937297480105	0.999873995624438	0.00190114068441065	2.27777904752384	1.29932511415783	2.76954372578059
Phaseolus_vulgaris_Song2015	4	94.013	94.2839308357349	94.2839308357349	45793192	695	7.39259464116665	1.51769284831684e-05	0.135465417867435	12.165	65918.1051873199	2.0529907589757	0.999999620795152	0.00429799426934097	2.04302902582312	0.210075758038383	3.33753453166926
Phaseolus_vulgaris_Song2015	5	90.803	91.0811102603369	91.0811102603369	40237526	654	7.20240520687643	1.62534843717777e-05	0.139055130168453	10.9	61568.4395099541	2.25667452815066	0.99999944528447	0.0060790273556231	2.20211193638922	0.292902003153909	3.75823378863545
Phaseolus_vulgaris_Song2015	6	70.756	71.478	71.478	31973189	197	2.78421617954661	6.16141230078739e-06	0.361	4.81100000000001	162903.760204082	2.21297913073357	0.996183541417836	0.00505050505050505	2.26068367187689	1.96225973827363	2.3549563937627
Phaseolus_vulgaris_Song2015	7	104.265	105.392189189189	105.392189189189	51592532	186	1.78391598331175	3.60517293471854e-06	0.563594594594595	10.708	278546.010810811	2.02093202171198	0.971783037269884	0.0158730158730159	1.90651513184286	0.566169875701868	2.55264413471465
Phaseolus_vulgaris_Song2015	8	114.007	114.288846724351	114.272211372064	59634577	810	7.10482689659407	1.35827239958456e-05	0.132605686032138	10.507	73554.4796044499	1.91176001801773	0.999999325742528	0.00246305418719212	1.73392152885077	0.183518228058175	2.58064984318383
Phaseolus_vulgaris_Song2015	9	94.597	95.0250407239819	95.0250407239819	37399568	443	4.6830237745383	1.18450566060014e-05	0.21402036199095	3.23099999999999	83786.3325791855	2.5293607669479	0.999914419024562	0.00225225225225225	2.65209261632952	2.48905242478851	1.81064617037411
Phaseolus_vulgaris_Song2015	10	60.168	60.328448	60.325176	43213161	751	12.481717856668	1.73789647093856e-05	0.078588	10.061	56961.3013333333	1.3923535933879	0.999999999985595	0.00265604249667995	1.64904526361713	0.140168558423863	3.38375629670542
Phaseolus_vulgaris_Song2015	11	78.549	78.7220154185022	78.7220154185022	50203619	909	11.5723943016461	1.81062644109382e-05	0.0865077092511013	6.548	55054.1167400881	1.5646083203683	0.999999999911214	0.00438116100766703	1.38476728504519	0.159158639633502	2.29588604442243
Prunus_mume_Zhang2015	1	239.137	239.557275922671	239.557275922671	26716093	1139	4.76296014418513	4.26334793788897e-05	0.210137961335677	6.698	23446.2091388401	8.95104684655799	0.999927063421957	0	8.31860527381445	6.60529298256343	7.19166407493107
Prunus_mume_Zhang2015	2	264.843	265.150778036026	265.150778036026	42013827	1722	6.50196531530001	4.09865066564872e-05	0.153889018012783	7.70800000000001	24398.2818128995	6.30371044275495	0.999997748537675	0	6.06790948108601	5.78162963744608	2.11220762912984
Prunus_mume_Zhang2015	3	217.968	218.353784070796	218.337322123894	24329072	1131	5.18883505835719	4.64875931149367e-05	0.184661061946903	8.88299999999998	21526.3203539823	8.95915799829932	0.999968880319229	0	8.36040595277928	7.05516050080799	5.62467589750611
Prunus_mume_Zhang2015	4	206.794	207.245515283843	207.245515283843	23885397	917	4.43436463340329	3.83916583006764e-05	0.225757641921397	24.13	25978.7740174672	8.65775854594336	0.999859278706675	0	8.11725841214283	6.71707748736096	7.38718863834776
Prunus_mume_Zhang2015	5	232.692	233.171283213182	233.171283213182	26086244	972	4.17719560620907	3.72610177225974e-05	0.239641606591143	12.79	26836.4490216272	8.92010363776403	0.999764639273044	0	8.95691279856172	7.87223529649375	7.00793994438517
Prunus_mume_Zhang2015	6	143.483	143.894715925395	143.894715925395	21116892	698	4.86468780273621	3.30541066365259e-05	0.205857962697274	5.32	30049.3213773314	6.79470255376596	0.999940490560175	0	6.81319539266374	6.19024500258802	3.48560597317551
Prunus_mume_Zhang2015	7	130.801	131.173122332859	131.173122332859	17026148	704	5.38222184845682	4.13481663615282e-05	0.186061166429587	4.898	24216.3755334282	7.68236009695205	0.999978862116418	0	7.34852932714931	6.73428699858185	4.16735783111357
Prunus_mume_Zhang2015	8	122.901	123.240975103734	123.240975103734	17226270	724	5.89092033425277	4.20288315462372e-05	0.16998755186722	7.094	23667.6611341632	7.13451025671837	0.99999235791945	0	6.56752414789039	5.65470551562077	3.64146513257392
Sesamum_indicum_Wang2016	1	108.221	109.789420289855	109.789420289855	20223475	139	1.28440875615638	6.87320057507426e-06	0.784210144927536	7.565	146546.913043478	5.35125639881375	0.92337389870594	0	5.43677990061022	6.24769019314212	2.96198600712859
Sesamum_indicum_Wang2016	2	74.131	75.6438775510204	75.6438775510204	17611561	99	1.33547368847041	5.62130750363355e-06	0.756438775510204	7.171	179709.795918367	4.20922370254403	0.93081335158409	0	4.43640256826482	4.22832213708261	2.07974318587083
Sesamum_indicum_Wang2016	3	125.321	126.821850299401	126.821850299401	25814546	168	1.34055744847232	6.50795872993467e-06	0.750425149700599	6.977	154578.113772455	4.85466604758418	0.9315132441008	0	5.00068456395617	5.110473622235	2.55171000453624
Sesamum_indicum_Wang2016	4	79.131	80.6825882352941	80.6825882352941	20538593	103	1.30163905422654	5.01494917397701e-06	0.775794117647059	4.648	201358.745098039	3.8527955639415	0.925969499994209	0	3.94013548103427	4.74508871373807	3.11519352783892
Sesamum_indicum_Wang2016	5	80.966	82.3619655172414	82.3619655172414	16433115	117	1.44505100906553	7.11977004968322e-06	0.69798275862069	6.046	141664.775862069	4.92700257985172	0.944429456880659	0	5.19817002039557	6.17424247078791	3.22580775733403
Sesamum_indicum_Wang2016	6	88.92	90.1902857142857	90.1902857142857	22392939	141	1.58569500674764	6.29662770036573e-06	0.635142857142857	6.22800000000001	159949.557142857	3.97089457529447	0.958054747104922	0	4.07809663850554	4.11818052325138	2.3755544948699
Sesamum_indicum_Wang2016	7	72.961	74.5471086956522	74.5471086956522	16549956	93	1.27465358205068	5.61935028709442e-06	0.793054347826087	5.875	179890.815217391	4.40853135802899	0.921864217472845	0	4.61800317687425	4.84037308894565	3.14963621869847
Sesamum_indicum_Wang2016	8	107.351	108.841986111111	108.841986111111	24417193	145	1.35070935529245	5.93843854205518e-06	0.745493055555556	15.027	169563.833333333	4.3965332132977	0.932889764830908	0	4.66572139914188	4.58475599442241	3.47586826014598
Sesamum_indicum_Wang2016	9	91.436	93.0401403508772	93.0401403508772	22717334	115	1.25771031103723	5.06221372631137e-06	0.802070175438597	4.65100000000001	199274.850877193	4.02494412416527	0.919171093366926	0	4.21365904491877	4.59090500668248	2.24341610456652
Sesamum_indicum_Wang2016	10	69.805	71.0404867256637	71.0404867256637	19245008	114	1.63312083661629	5.92361406137114e-06	0.617743362831858	5.98800000000001	170309.796460177	3.62717438205274	0.961850463595255	0	3.96982999419917	4.37003777535753	2.34027216688053
Sesamum_indicum_Wang2016	11	72.151	73.4871296296296	73.4871296296296	14019106	109	1.51072057213344	7.77510349090734e-06	0.668064814814815	6.171	129806.527777778	5.14661919240785	0.951269060580835	0	4.96945066934907	4.72372168811889	3.61367977733088
Sesamum_indicum_Wang2016	12	62.831	64.345	64.345	16115810	84	1.33691967340962	5.21227291709197e-06	0.757	6.746	194166.373493976	3.89871809111674	0.931013148245085	0	3.77045808029952	4.00875596228733	2.28769576838581
Sesamum_indicum_Wang2016	13	57.761	58.9899574468085	58.9899574468085	15116448	95	1.64470836723741	6.28454515240617e-06	0.614478723404255	3.459	160813.265957447	3.82106960576982	0.962724415379664	0	3.83343228082437	4.47309471740226	2.25863892051859
Setaria_italica_Ni2017	1	167.117	167.938213759214	167.938213759214	44425971	408	2.44140332820718	9.18381727661057e-06	0.41060687960688	1.97800000000001	109154.717444717	3.7616960583709	0.992424278286491	0	3.75417036241778	1.91542368545998	4.11900783209626
Setaria_italica_Ni2017	2	224.647	225.563926530612	225.563926530612	51470908	491	2.18565126620876	9.53936930741537e-06	0.458463265306122	3.808	105042.667346939	4.36454317067808	0.987365227355626	0	4.27672813827074	3.64053735560051	3.61995938241515
Setaria_italica_Ni2017	3	221.738	222.860724050633	222.860724050633	53973750	396	1.78589145748586	7.33689988188703e-06	0.561362025316456	4.08200000000002	136642.402531646	4.10825632830774	0.971894301088638	0	4.07916996534491	2.21994912053083	4.92721070012202
Setaria_italica_Ni2017	4	168.232	169.201636887608	169.201636887608	43339515	348	2.06857197203861	8.02962377405469e-06	0.484818443804035	3.293	124897.734870317	3.88172318033554	0.98403160693748	0	3.44130617135335	1.953722469405	4.59621018761648
Setaria_italica_Ni2017	5	267.52	268.636993736952	268.636993736952	49316013	480	1.79425837320574	9.73314691923696e-06	0.558496868475992	3.60299999999995	102956.183716075	5.4246072163214	0.972360703880366	0	5.45103759044827	4.56738698725884	4.53809875484122
Setaria_italica_Ni2017	6	152.1	153.605940594059	153.605940594059	36625253	203	1.33464825772518	5.54262382842789e-06	0.752970297029703	11.714	181313.128712871	4.15287233647232	0.930699039679967	0	4.27555393295123	1.47745911401757	6.27225167709325
Setaria_italica_Ni2017	7	168.48	169.878174273859	169.878174273859	37730869	242	1.4363722697056	6.41384644493611e-06	0.699087136929461	13.788	156559.618257261	4.46530929356544	0.943456472511714	0	4.41282225790801	3.53092018370389	4.86585909170745
Setaria_italica_Ni2017	8	205.431	206.887957446809	206.887957446809	38023883	283	1.37759150274301	7.442690689954e-06	0.728478723404255	6.12799999999999	134836.460992908	5.40268336087611	0.936402620065688	0	4.75471200906908	3.79060723459018	6.1901850175173
Setaria_italica_Ni2017	9	352.58	353.785401709402	353.785401709402	59804824	586	1.6620341482784	9.79854066621783e-06	0.602700854700855	4.779	102230.466666667	5.89551103770492	0.963993949908782	0	5.7637236013268	4.46491779067604	5.97549810744236
Solanum_lycopersicum_Gonda2018	1	160.147968270579	161.042649657566	161.042649657565	98206732	359	2.24167689341802	3.65555387791542e-06	0.447340693493237	2.1244134272262	273878.662011173	1.63072291490749	0.988704533029903	0	1.63031902002272	-0.0252021628946027	2.81540995570246
Solanum_lycopersicum_Gonda2018	2	124.987179654522	125.906203034335	125.906203034335	55135053	273	2.18422402005231	4.95147796448114e-06	0.459511689906331	2.0382456063997	187142.801470588	2.26692771392678	0.987329109970362	0	2.51541919990355	0.112385494232024	3.03819854796749
Solanum_lycopersicum_Gonda2018	3	138.546845722054	139.569331668342	139.569331668342	70614175	272	1.96323487974366	3.85191783377771e-06	0.511242973144111	3.337068471164	259774.870848708	1.96202597739128	0.980286858008504	0	1.94248022501967	0.193082477151595	3.2401031585117
Solanum_lycopersicum_Gonda2018	4	107.01437956932	107.887966341314	107.887966341314	66397791	246	2.2987564941275	3.70494253340446e-06	0.436793385997225	2.03457412729113	270515.844897959	1.61171596159457	0.989923134109579	0	1.50256272854478	0.0935914493182406	2.67322195455511
Solanum_lycopersicum_Gonda2018	5	111.171290489906	112.235130590288	112.235130590288	65762416	210	1.88897690289084	3.1933133356901e-06	0.531920050190938	6.35697652587296	314254.23923445	1.69049887841569	0.977130561104775	0	1.46612798890864	-0.0173828023598751	2.97669462033979
Solanum_lycopersicum_Gonda2018	6	71.2109213537486	72.0486968990868	72.0486968990868	49484253	171	2.4013170557159	3.45564476844785e-06	0.418887772669109	6.56066214562649	289773.588235294	1.43906226802592	0.991791902495588	0	1.41881144748085	0.15114191505041	1.97109054126543
Solanum_lycopersicum_Gonda2018	7	103.759661666109	104.669834136864	104.669834136864	67884959	229	2.20702338772947	3.3733540297196e-06	0.455086235377671	1.3414595228455	296560.342105263	1.52846320001621	0.987893911552591	0	1.49227934230933	0.00205078515139227	3.01700493625124
Solanum_lycopersicum_Gonda2018	8	103.832988619854	104.739826948412	104.739826948412	65709511	230	2.2150956363402	3.50025432391363e-06	0.453419164278838	2.00241507063057	286289.19650655	1.58018203209356	0.988087789025652	0	1.57809382507346	0.248865497269529	3.05493041419457
Solanum_lycopersicum_Gonda2018	9	122.843213335305	123.920785382106	123.920785382106	72350648	229	1.86416484706352	3.16514096736217e-06	0.538786023400461	2.58962457383381	316380.197368421	1.69788684318771	0.975967055300975	0	1.59956462256591	0.0438858564174681	3.33619512945021
Solanum_lycopersicum_Gonda2018	10	103.515849144481	104.572133319425	104.572133319425	65420070	197	1.90309021882282	3.01130830339986e-06	0.528142087471842	3.0322114725427	333256.387755102	1.58232556376783	0.977767062925989	0	1.53231940468031	0.0797413941591897	3.79573497234682
Solanum_lycopersicum_Gonda2018	11	111.913021033435	112.834115856755	112.834115856755	56139927	244	2.1802646175292	4.34628281579347e-06	0.460547411660226	2.5471002089531	230631.353909465	1.99346573844734	0.987228373331966	0	2.02013278347582	0.0499336355620077	3.5823276415669
Solanum_lycopersicum_Gonda2018	12	116.330005126184	117.448562867782	117.448562867782	66946456	209	1.7966130043001	3.12189789404237e-06	0.559278870798962	8.0268950151082	321353.754807692	1.73765740678168	0.972490558572625	0	1.63820935853272	-0.228561177356391	3.81096096378091
Solanum_tuberosum_Endelman2016	1	99.6	100.433472803347	100.433472803347	88471573	240	2.40963855421687	2.71273576202833e-06	0.41673640167364	4.6	368381.376569038	1.12578534124176	0.991927379340263	0.00826446280991736	1.10984564289878	0.902211799727115	1.28997555407483
Solanum_tuberosum_Endelman2016	2	71.3	71.8505791505792	71.8505791505792	48564909	260	3.64656381486676	5.3536597793275e-06	0.275289575289575	6.4	179553.992277992	1.46813823948481	0.999319802682936	0.00383141762452107	1.55005063927823	1.46159506926126	1.46911840801952
Solanum_tuberosum_Endelman2016	3	82.5	83.25	83.25	61874817	221	2.67878787878788	3.57172773537253e-06	0.375	5.90000000000001	279344.177272727	1.33333727677934	0.995287683931731	0	1.33135456582302	0.80817346066435	1.57460935761776
Solanum_tuberosum_Endelman2016	4	85.5	86.355	86.355	71956350	201	2.35087719298246	2.7933601412523e-06	0.4275	3.6	297617.68	1.1882203585924	0.990920665535939	0.00495049504950495	1.12483969983441	1.39451918257499	3.6057947175405
Solanum_tuberosum_Endelman2016	5	65.1	65.8843373493976	65.8843373493976	51980344	167	2.5652841781874	3.21275288212791e-06	0.392168674698795	4.9	312741.873493976	1.25239648279357	0.994086801285751	0	1.21985852418695	0.670569837260548	1.36461138571182
Solanum_tuberosum_Endelman2016	6	76.7	77.6527950310559	77.6527950310559	59263259	162	2.11212516297262	2.73356549628835e-06	0.47639751552795	11.9	367696.298136646	1.29422514546492	0.985363696945604	0.00613496932515337	1.30246383044485	1.08918515442926	1.31036101233007
Solanum_tuberosum_Endelman2016	7	64.6	65.1360995850622	65.1360995850622	56628128	242	3.74613003095975	4.27349461384279e-06	0.26804979253112	4.2	232631.506224066	1.14077583493489	0.999442618181536	0.00819672131147541	1.16156186407221	0.631124277780473	1.34860023929361
Solanum_tuberosum_Endelman2016	8	68.9	69.7011627906977	69.7011627906977	56789291	173	2.51088534107402	3.04634900266672e-06	0.400581395348837	8.2	329345.587209302	1.2132569149349	0.993407157460697	0	1.23908902334043	0.637559777301955	1.36178542427382
Solanum_tuberosum_Endelman2016	9	79.6	80.5045454545455	80.5045454545455	61466245	177	2.22361809045226	2.8796292989754e-06	0.452272727272727	4.1	349127.698863636	1.2950197299347	0.988289110937571	0.0220994475138122	1.24188763987959	0.565688886451118	1.54191128829465
Solanum_tuberosum_Endelman2016	10	60.3	61.2	61.2	59608971	135	2.23880597014925	2.26475977919498e-06	0.45	6.7	442312.753731343	1.01159270137376	0.988639489636098	0	1.0174076982289	0.409408822937904	1.49903215811597
Solanum_tuberosum_Endelman2016	11	62.9	63.6188571428571	63.6188571428571	45208284	176	2.79809220985692	3.89309180591769e-06	0.359428571428571	5.2	255836.68	1.39133792381945	0.996287999835394	0	1.41766168097461	0.732124210670056	1.58195985242466
Solanum_tuberosum_Endelman2016	12	66.1	67.6372093023256	67.6372093023256	61050602	87	1.31618759455371	1.42504737299724e-06	0.768604651162791	6.8	707063.593023256	1.08270840638066	0.928092534584336	0	1.11957823722705	0.527699933702233	1.44636365188705
Sorghum_bicolor_Zou2012	1	224.08	224.974530938124	224.974530938124	73750000	502	2.24027133166726	6.80677966101695e-06	0.447265469061876	2.49000000000001	147105.788423154	3.03837288135593	0.988672735404657	0	3.06016302011491	2.87791272186709	1.65636756471964
Sorghum_bicolor_Zou2012	2	191.69	192.607177033493	192.607177033493	77850000	419	2.18582085659137	5.38214515093128e-06	0.458588516746411	3.25	186004.784688995	2.46229929351317	0.987369512100787	0	2.46254941835277	1.67218078355918	2.28259106237761
Sorghum_bicolor_Zou2012	3	167.55	168.504700854701	168.504700854701	74350000	352	2.10086541330946	4.73436449226631e-06	0.477350427350427	3.08	211680.911680912	2.25353059852051	0.985030355474422	0	2.28335277695241	2.19768997186182	2.28980575270909
Sorghum_bicolor_Zou2012	4	149.53	150.372422535211	150.372422535211	67900000	356	2.38079315187588	5.24300441826215e-06	0.421211267605634	2.4	191126.76056338	2.20220913107511	0.991447967489445	0	2.1994222103952	1.01767987720645	2.18813864921521
Sorghum_bicolor_Zou2012	5	146.4	147.353745928339	147.353745928339	62350000	308	2.10382513661202	4.93985565356856e-06	0.476872964169381	2.31999999999999	202931.596091205	2.34803528468324	0.985118705735581	0	2.3532967706751	1.67572228762551	2.2870785528409
Sorghum_bicolor_Zou2012	6	154.85	155.885785953177	155.885785953177	62100000	300	1.93735873425896	4.83091787439614e-06	0.517892976588629	3.84	207525.08361204	2.49355877616747	0.979239797544036	0	2.4674888013619	1.33776644360007	2.74863950713882
Sorghum_bicolor_Zou2012	7	136.43	137.459660377358	137.459660377358	64250000	266	1.94971780400205	4.14007782101167e-06	0.514830188679245	2.13000000000001	242264.150943396	2.12342412451362	0.979746660956875	0	2.04646353697423	0.356715570049534	2.60986373172591
Sorghum_bicolor_Zou2012	8	136.36	137.281351351351	137.281351351351	55450000	297	2.17805808154884	5.35617673579802e-06	0.460675675675676	2.05	187162.162162162	2.45915238954013	0.987171886676261	0	2.45161974646761	1.25767286274201	2.66284076389162
Sorghum_bicolor_Zou2012	9	128.98	129.975984555985	129.975984555985	59550000	260	2.01581640564429	4.36607892527288e-06	0.497992277992278	3.33	229729.72972973	2.16591099916037	0.982254668491998	0	2.17912604552274	0.461699714426686	2.63140597184652
Sorghum_bicolor_Zou2012	10	155.49	156.361092436975	156.361092436975	60950000	358	2.30239886809441	5.87366694011485e-06	0.435546218487395	3.95000000000002	170588.235294118	2.55110746513536	0.989996274808327	0	2.53724074470687	1.72394004754831	2.29470294315355
Theobroma_cacao_Royaert2016	1	113.09	113.566168421053	113.566168421053	38903060	476	4.20903705013706	1.22355413687252e-05	0.238084210526316	2.925	81658.7768421053	2.90696927182592	0.999779160441619	0.00209643605870021	2.88369424609845	2.80180114626765	1.82145134213531
Theobroma_cacao_Royaert2016	2	106.039	106.499039045553	106.499039045553	42376677	462	4.35688756023727	1.09022234093532e-05	0.230019522776573	2.474	91253.0477223427	2.50229625130824	0.999835693195794	0	2.53056244276387	1.53087492212856	2.39935008964954
Theobroma_cacao_Royaert2016	3	85.034	85.5090502793296	85.5090502793296	34249569	359	4.22184067549451	1.04818837282303e-05	0.237525139664804	1.776	94542.3100558659	2.48277576865274	0.999784743743955	0.00277777777777778	2.39027514332884	1.7264739782282	1.80833935898182
Theobroma_cacao_Royaert2016	4	80.103	80.4781896955503	80.242718969555	33417698	428	5.34312073205748	1.28075847713987e-05	0.0698594847775176	1.889	45258.9391100703	2.39702327790502	0.999977142733081	0.00696055684454756	2.36505679166819	1.86530034651741	1.741123228887
Theobroma_cacao_Royaert2016	5	104.457	104.994053984576	104.994053984576	40435641	390	3.73359372756254	9.64495653722912e-06	0.268526992287918	2.45800000000001	103467.33933162	2.58329032053678	0.999428466497914	0.00255754475703325	2.54849453493609	1.99369638731787	1.99525798760764
Theobroma_cacao_Royaert2016	6	73.699	74.2216879432624	74.2216879432624	27194960	283	3.83994355418662	1.04063399982938e-05	0.261343971631206	2.171	94858.3581560284	2.71002421036839	0.999537972945177	0	2.80385515007338	1.90369324066247	2.27075682165595
Theobroma_cacao_Royaert2016	7	56.532	57.2614451612903	57.2614451612903	24032321	156	2.75949904478879	6.49125816853062e-06	0.364722580645161	2.651	154491.316129032	2.35233209476521	0.99599013654585	0	2.14473578265001	0.702789110022559	2.14429320127485
Theobroma_cacao_Royaert2016	8	58.782	59.2064187725632	59.2064187725632	21464500	278	4.72933891327277	1.29516177875096e-05	0.212209386281588	1.777	75606.6714801444	2.73856833376039	0.999921990334832	0	2.56820777449875	1.5653905123604	2.6024117068153
Theobroma_cacao_Royaert2016	9	113.998	114.440710679612	114.440710679612	41986537	516	4.52639519991579	1.22896537049483e-05	0.221355339805825	2.23400000000001	81214.4427184466	2.71510841677655	0.999882936074413	0.00193423597678917	2.62996911781487	1.172429696977	2.21945530488654
Theobroma_cacao_Royaert2016	10	61.05	61.79	61.79	25319909	166	2.71908271908272	6.55610571112242e-06	0.37	2.971	152450.775757576	2.41114610640978	0.995652548371884	0	2.38098280447191	1.39471184171331	2.12861616355713
Triticum_aestivum_GutierrezGonzalez2019	1A	126.1750695	126.28021539125	126.28021539125	592504054	2401	19.0291157319315	4.05229294853061e-06	0.052572945625	29.29093555	246399.421666667	0.212952246736864	1	0	0.216283996432875	0.0451848417015525	0.413346206182957
Triticum_aestivum_GutierrezGonzalez2019	1B	123.5999727	123.673763728478	123.673763728478	687536156	3351	27.1116564736911	4.87392549578149e-06	0.036895514238806	13.7777481	204169.126567164	0.179772324148143	1	0	0.18363853084525	0.0682688677726339	0.286782232351337
Triticum_aestivum_GutierrezGonzalez2019	1D	131.6789615	131.94524858089	131.94524858089	492170564	990	7.51828529571142	2.01149778636497e-06	0.133143540444894	14.32788295	497335.385237614	0.26754741370514	0.999999705082621	0	0.269293777813127	0.128209443927267	0.390824688907959
Triticum_aestivum_GutierrezGonzalez2019	2A	106.1980224	106.327611200976	106.327611200976	780720153	1640	15.4428487738016	2.10062465237784e-06	0.0647944004881025	7.26862155	475563.539353264	0.136025721882448	0.999999999999961	0	0.136331216995284	0.0278418182228511	0.258006424856347
Triticum_aestivum_GutierrezGonzalez2019	2B	143.7906603	143.88292251386	143.882922513859	800780364	3118	21.6843012855961	3.89370186904333e-06	0.0461311069297401	22.32302968	256745.445941611	0.179563169583414	1	0	0.181753751611532	0.084597364531576	0.255101158842471
Triticum_aestivum_GutierrezGonzalez2019	2D	127.7109293	127.852909210283	127.852909210283	651068902	1800	14.0943301396837	2.76468434365492e-06	0.0709899551417454	6.579160472	358500.77098388	0.196155781527406	0.999999999999427	0	0.196711405103209	0.102219670544057	0.285785970529984
Triticum_aestivum_GutierrezGonzalez2019	3A	160.1293343	160.292398795214	160.292398795214	750788901	1965	12.2713306002921	2.61724700163089e-06	0.0815322476069247	13.4502941	381816.0901222	0.213281435150038	0.999999999978059	0	0.213450994613315	0.0539904728661426	0.347805205911784
Triticum_aestivum_GutierrezGonzalez2019	3B	138.2746529	138.355397222861	138.355397222861	829514022	3426	24.7767752668139	4.13012909864952e-06	0.0403721614306569	6.6085166	241802.904525547	0.166693569044937	1	0	0.164844812190657	0.0576365276412812	0.275670911462411
Triticum_aestivum_GutierrezGonzalez2019	3D	152.554952	152.679385076672	152.679385076672	614692179	2453	16.0794518161561	3.99061527672373e-06	0.0622165383360522	8.55011885	250557.302610114	0.248181052585021	0.999999999999989	0	0.252580498905471	0.0881315280717107	0.34350689969516
Triticum_aestivum_GutierrezGonzalez2019	4A	130.893395	131.037789258136	131.037789258136	743820643	1814	13.8586060816896	2.43875995788947e-06	0.0721971290678434	17.50746454	408847.462768891	0.175974404894272	0.999999999999083	0.000550964187327824	0.17474239514149	0.0219076676342203	0.339410384501931
Triticum_aestivum_GutierrezGonzalez2019	4B	88.79474072	88.8535646621795	88.8535646621795	671695588	3020	34.0110233501676	4.49608431848148e-06	0.0294119710897648	12.49730714	221907.034779728	0.132194914342656	1	0	0.147451351221991	0.0443595376734391	0.30512162162319
Triticum_aestivum_GutierrezGonzalez2019	4D	116.8059253	117.106584052381	117.106584052381	509798252	778	6.66062100875288	1.52609389488452e-06	0.150329376190476	21.64748215	655497.942084942	0.229121863093403	0.99999836070128	0	0.228364787122934	0.0388912136449817	0.566987973702089
Triticum_aestivum_GutierrezGonzalez2019	5A	114.9222276	115.067331422727	115.067331422727	708820640	1585	13.7919359300689	2.23610870022069e-06	0.0725519113636364	9.06702419999999	247576.324494949	0.162131604407005	0.999999999998952	0	0.295008738996987	0.242332554863048	0.295890314777055
Triticum_aestivum_GutierrezGonzalez2019	5B	162.0550242	162.193888830848	162.193888830848	710784650	2335	14.4086862565783	3.28510189408283e-06	0.0694323154241645	14.3129798	301591.714224507	0.227994546871545	0.999999999999695	0	0.214790620624777	0.129996674315532	0.261979045312559
Triticum_aestivum_GutierrezGonzalez2019	5D	186.1839563	186.41844490995	186.41844490995	566056931	1589	8.53456995746523	2.80713813925547e-06	0.117244304974811	15.64015741	353766.316120907	0.328913835523728	0.999999961366263	0	0.32572960196195	0.158699695456624	0.362031461513186
Triticum_aestivum_GutierrezGonzalez2019	6A	107.5014572	107.629587661502	107.629587661502	617838760	1679	15.6183929383982	2.71753750120824e-06	0.0640652307508939	16.83533791	366319.66328963	0.173995974613182	0.999999999999973	0	0.173684408771571	0.0541976079404369	0.348809841840051
Triticum_aestivum_GutierrezGonzalez2019	6B	109.5030857	109.600856312232	109.600856312232	719729754	2241	20.4651767178466	3.1136686895954e-06	0.0488853061160714	7.61324108	320802.623214286	0.15214472528254	1	0	0.157140965105225	0.0624828985325793	0.261187283430515
Triticum_aestivum_GutierrezGonzalez2019	6D	147.3967664	147.605988211781	147.605988211781	473287249	1410	9.56601718231452	2.97916329455138e-06	0.104610905890703	9.3894113	335414.814762243	0.311431940563436	0.999999995090209	0	0.311251423357264	0.133717398150834	0.468412821189564
Triticum_aestivum_GutierrezGonzalez2019	7A	149.5143107	149.614186659051	149.614186659051	736405917	2995	20.0315273232236	4.06705042811328e-06	0.0499379795257181	8.81266336	245843.055778223	0.203032467893655	1	0	0.2040912098395	0.0421874621246967	0.304990282768477
Triticum_aestivum_GutierrezGonzalez2019	7B	124.3639829	124.434165734594	124.434165734594	750564004	3545	28.505037530444	4.72311485910268e-06	0.0350914172968397	14.53852871	211393.769751693	0.165694041064085	1	0.000282007896221094	0.159656765462981	0.0495762286789271	0.231310458361725
Triticum_aestivum_GutierrezGonzalez2019	7D	194.0128326	194.169484059507	194.169484059507	637696938	2478	12.7723510181872	3.88585839501083e-06	0.0783257297537343	10.7464141	256841.928542592	0.304239868562769	0.999999999991945	0	0.297848817755817	0.15767812245378	0.384425066673199
Vitis_vinifera_Tello2019	1	75.054	75.6313384615385	75.6313384615385	24092910	261	3.47749620273403	1.08330625067707e-05	0.288669230769231	2.569	92500.65	3.11519031947573	0.99904613881498	0	2.98376136324347	3.07880575752893	1.78749268605077
Vitis_vinifera_Tello2019	2	71.942	72.7369392265193	72.7369392265193	18592655	182	2.52981568485725	9.78881176464577e-06	0.397469613259668	2.91300000000001	101772.237569061	3.86937745039641	0.993652100890479	0.103448275862069	3.3836128250515	3.68037789243797	2.69324075484659
Vitis_vinifera_Tello2019	3	54.208	54.8310804597701	54.8310804597701	20617825	175	3.22830578512397	8.48780121084547e-06	0.311540229885057	3.889	113047.804597701	2.62918130307149	0.998429893096043	0	2.46994897247464	2.25458489831506	1.66024941454382
Vitis_vinifera_Tello2019	4	83.182	84.0484791666667	84.0484791666667	24688992	193	2.32021350773004	7.81724908007585e-06	0.433239583333333	2.339	124851.229166667	3.36919384963145	0.99034642547828	0	3.07532868025053	3.0243519795493	1.58310570207439
Vitis_vinifera_Tello2019	5	71.832	72.406656	72.406656	25438862	251	3.49426439469874	9.86679356961801e-06	0.287328	2.417	96778.452	2.82371121789961	0.999077597417634	0	2.67440664611993	2.52448158176726	1.62301626295693
Vitis_vinifera_Tello2019	6	76.845	77.4206179775281	77.4206179775281	22481406	268	3.48753985295075	1.19209625945993e-05	0.287808988764045	2.70200000000001	82773.1835205993	3.4181580991865	0.999065108151951	0	3.50146720798566	2.93841383476276	3.35959207519467
Vitis_vinifera_Tello2019	7	89.624	90.2275286195286	90.2275286195286	27121483	298	3.32500223154512	1.09875997562523e-05	0.30176430976431	2.753	90655.3838383838	3.30453906226293	0.998705983669859	0.0448717948717949	3.2063625764844	3.11766693960716	1.73832896343215
Vitis_vinifera_Tello2019	8	70.793	71.2846180555556	71.2846180555556	22417540	289	4.08232452361109	1.28916910597684e-05	0.245809027777778	2.163	74593.3784722222	3.15792901451274	0.999715463508493	0	2.9789866722801	2.64629093793513	1.99387821175115
Vitis_vinifera_Tello2019	9	68.575	69.5208620689655	69.5208620689655	22975125	146	2.12905577834488	6.35469883188884e-06	0.472931034482759	4.916	156936.586206897	2.98474981093683	0.98585100322486	0	2.49115953421034	2.46206515389912	1.61827845161228
Vitis_vinifera_Tello2019	10	69.216	69.8628785046729	69.8628785046729	25918978	215	3.10621821544152	8.29508015323752e-06	0.323439252336449	6.338	104554.23364486	2.67047566458832	0.997995651945366	0.0692640692640693	0.350006012731158	1.52647783061475	6.51654825522471
Vitis_vinifera_Tello2019	11	62.218	62.8191400966184	62.8191400966184	19992630	208	3.34308399498537	1.040383381276e-05	0.300570048309179	1.267	95090.0144927536	3.11204678924184	0.998751943814943	0	2.98141096749651	2.46654496210922	2.01338373751146
Vitis_vinifera_Tello2019	12	68.803	69.3623739837398	69.3623739837398	24154942	247	3.58995974012761	1.02256507177703e-05	0.279686991869919	3.486	97818.1951219512	2.84840261673988	0.99923827082608	0.012	2.49395033781536	2.67726678671797	1.49784726419441
Vitis_vinifera_Tello2019	13	75.007	75.6168130081301	75.6168130081301	29039087	247	3.29302598424147	8.50577705834898e-06	0.304906504065041	2.081	116170.817073171	2.58296688184446	0.998620524560642	0	2.44477948210437	1.9990203643636	1.42462862902809
Vitis_vinifera_Tello2019	14	78.204	78.8557	78.8557	30203619	241	3.08168380134009	7.97917627023437e-06	0.32585	1.78	124582.1	2.58922614538344	0.997894847994214	0.036	2.4394029699878	1.84393096490331	1.57705742172051
Vitis_vinifera_Tello2019	15	57.47	58.0252657004831	58.0252657004831	20157652	208	3.61927962415173	1.031866211402e-05	0.277632850241546	1.559	91384.7632850241	2.85102649852274	0.999281654026912	0.00952380952380952	2.72577585337671	2.81229130400812	2.12139512599368
Vitis_vinifera_Tello2019	16	63.144	63.8697931034483	63.8697931034483	23490529	175	2.77144305080451	7.44981094295492e-06	0.362896551724138	3.707	132374.770114943	2.68806206961112	0.996084789179677	0.0112994350282486	2.5615662247169	2.52331352652999	2.03034426300303
Vitis_vinifera_Tello2019	17	63.059	63.6455953488372	63.6455953488372	18167695	216	3.42536354842291	1.18892352607196e-05	0.293297674418605	3.11499999999999	82509.7395348837	3.47094114030426	0.998941314354002	0	2.94995036668711	2.86170453306517	1.65157588466229
Vitis_vinifera_Tello2019	18	88.181	88.7012418879056	88.7012418879056	34519572	340	3.8557058776834	9.84948480821257e-06	0.260120943952802	1.27	96463.0648967552	2.55452182315586	0.999552310996563	0.0144927536231884	2.35492983888016	2.32902188612629	1.29621700863781
Vitis_vinifera_Tello2019	19	68.377	69.047362745098	69.047362745098	24553138	205	2.99808415110344	8.34923829288134e-06	0.33518137254902	5.14	118316.720588235	2.78485788659682	0.99751173177442	0	2.28563965062822	1.96418855188828	2.17124250858713
Zea_mays_IBM_MaizeSNP50	1	254.4	254.600472813239	254.600472813239	300533825	2539	9.98034591194969	8.44830028699764e-06	0.100236406619385	5.90000000000001	118019.88534279	0.846493734939819	0.999999997856213	0.00314095013741657	0.878553575788563	0.723143576026948	0.873826692153696
Zea_mays_IBM_MaizeSNP50	2	189.8	190.055967633176	190.055967633176	237638693	1484	7.81875658587987	6.2447742885036e-06	0.127983816587997	4.09999999999999	158746.862440998	0.798691482451471	0.999999838298399	0.00735785953177258	0.812983378848285	0.336393884961936	1.05052535361754
Zea_mays_IBM_MaizeSNP50	3	207.7	207.978979180658	207.803693754197	232127856	1490	7.1738083774675	6.41887632822491e-06	0.051846877098724	8	58622.3713901948	0.894765512330411	0.999999412633444	0.00666666666666667	0.898526705018953	0.463571242909109	1.19064633798781
Zea_mays_IBM_MaizeSNP50	4	186.9	187.165294535131	187.165294535131	241794528	1410	7.54414125200642	5.83139747480141e-06	0.132647267565649	9.7	170727.881476224	0.772970346127932	0.99999971994575	0.00282885431400283	0.802752504883248	0.289972025506864	1.32420095396316
Zea_mays_IBM_MaizeSNP50	5	144.5	144.708363374189	144.708363374189	209912315	1388	9.60553633217993	6.61228475327901e-06	0.104181687094448	9.80000000000001	150722.785147801	0.688382670640358	0.99999999546333	0.00715307582260372	0.696606458699731	0.249511528662255	1.06132755613994
Zea_mays_IBM_MaizeSNP50	6	131.8	132.006421299922	131.917932654659	169032339	1278	9.69650986342944	7.56068340271858e-06	0.0589663273296789	6.3	118097.360219264	0.779732451078489	0.999999996218026	0.0015625	0.771443822860074	0.495989147284341	1.04818813464818
Zea_mays_IBM_MaizeSNP50	7	147.8	148.040716612378	148.039087947883	176190978	1229	8.31529093369418	6.9753855387533e-06	0.119543973941368	12.3	140163.42019544	0.838862475693846	0.999999940099553	0.00646725949878739	0.885228593264306	0.270319212990652	1.31444056728465
Zea_mays_IBM_MaizeSNP50	8	168.3	168.609375	168.484926470588	175251100	1089	6.47058823529412	6.21394102519185e-06	0.0924632352941177	9.5	113488.006433824	0.960336340256923	0.999997602721616	0.00547945205479452	1.00973458689486	0.398800992355167	1.54044219002579
Zea_mays_IBM_MaizeSNP50	9	158.1	158.391160220994	158.391160220994	155850218	1087	6.87539531941809	6.97464536109921e-06	0.145580110497238	4.89999999999999	142989.375690608	1.01443553964102	0.999998933139825	0.00366636113657195	1.05877392303385	0.377603762381272	1.5909785560941
Zea_mays_IBM_MaizeSNP50	10	122.5	122.737633365664	122.737633365664	148433967	1032	8.42448979591837	6.95258653297328e-06	0.118816682832202	8.1	142846.95829292	0.825282800667855	0.99999995185168	0.00578034682080925	0.867197318679135	0.198085484225818	1.56837164616753
Zea_mays_MaizeGDBConsensus_v4	1	285.5	286.005757307352	285.528343666962	306901992	1130	3.95796847635727	3.6819572028063e-06	0.0141718334809566	4.13	7627.07617360496	0.930264408319644	0.999635118149015	0.00528169014084507	0.960636497558651	0.823417575384543	0.776555385735312
Zea_mays_MaizeGDBConsensus_v4	2	181.33	181.888798151002	181.888798151002	244407619	650	3.58462471736613	2.65949156028561e-06	0.27939907550077	3.5	376480.357473035	0.741916314810137	0.999230099625099	0.00914634146341463	0.748003948264092	0.343071370562758	0.919506788858277
Zea_mays_MaizeGDBConsensus_v4	3	208	208.639016897081	208.639016897081	235518135	652	3.13461538461538	2.76836431300715e-06	0.319508448540707	4.41999999999999	360913.422427035	0.883159167339704	0.998106315296367	0.00458015267175573	0.87568411123969	0.534453379538673	0.956907804393064
Zea_mays_MaizeGDBConsensus_v4	4	187.25	187.942236598891	187.521497227357	246775383	542	2.89452603471295	2.1963292829739e-06	0.135748613678373	5.62	138758.648798521	0.758787192318936	0.996939117694433	0.00732600732600733	0.776446477266432	0.426459122468104	1.07486691917624
Zea_mays_MaizeGDBConsensus_v4	5	171	171.531881804044	171.531881804044	223789445	644	3.76608187134503	2.87770497844525e-06	0.265940902021773	5	346969.34836703	0.764111104525059	0.999464421851254	0.010752688172043	0.742726668797902	0.323938297749003	1.001897266279
Zea_mays_MaizeGDBConsensus_v4	6	137.5	138.074112734864	137.525887265136	172672133	480	3.49090909090909	2.7798347750763e-06	0.0129436325678497	3	8319.07306889353	0.796306836610398	0.999071386720405	0.0143737166324435	0.776638557850009	0.439512336802528	0.912773841189374
Zea_mays_MaizeGDBConsensus_v4	7	155	155.643153526971	155.642987551867	181973655	483	3.11612903225806	2.65423036098275e-06	0.32149377593361	5.95	375433.477178423	0.851771647934422	0.998034990235606	0.00412371134020619	0.863047706307362	0.495497579828417	1.03072940750251
Zea_mays_MaizeGDBConsensus_v4	8	159	159.449152542373	159.16384180791	181042885	709	4.45911949685535	3.91619919225216e-06	0.0819209039548023	4.78	28835.9378531073	0.878244952846393	0.999866076121954	0	0.901280016860286	0.552508143233984	1.19530705743326
Zea_mays_MaizeGDBConsensus_v4	9	160	160.67940552017	160.678768577495	159480993	472	2.95	2.95960033306289e-06	0.339384288747346	5.3	335927.932059448	1.00325435019081	0.997260555181232	0.010482180293501	1.01242888481473	0.434458763601717	1.19264296218207
Zea_mays_MaizeGDBConsensus_v4	10	135.8	136.30671641791	136.060447761194	150307587	537	3.95434462444772	3.57267394625928e-06	0.130223880597015	14.99	67639.598880597	0.90348067393298	0.999632463986758	0.0146788990825688	0.955162686454698	0.374055881284795	1.49153711581621
